"path","bytes","md5","sha256"
".gitattributes","80","0c56d2f544cfe5b857181d9af988a81b","b930339ac445b3b34fb93b3895b379fbbcf82e078ddbaece586c94a99fa721be"
".gitignore","143","1e60e9343b31787ef2660bb96625cc40","512ce69d9990fe4280ce98005f0436a44ca03d933cb02f3def62c6359cabd603"
"AUTHORS.md","983","afff5f6b1ef07b218b3059cd7a4a5ff3","bf8021d840ef55f35c1070913312d1d6f8ddadc9254deffcf802e244ad986fb7"
"CITATION.cff","1261","4e11d4dce58cb37f23770356150f5441","bf1ddb17f79ef03318c5dd212b1e1567c2138ff534654c6619837364dc751b7c"
"LICENSE","1093","8a2b5f196f8dda34d95c8e66564521e3","c16a9f4af70ca7c41d50f50c7ea7c561f35d0713fc264576aed9c714db4e258f"
"README.md","4885","253d9b3fcc1c08e87d5b17bdd85b9de0","cd081e86218a7afdf377c1765b5a7e3d573bf66d0176efe72417c2f6639bf191"
"REPRODUCIBILITY.md","4700","faed8571ccfae63f20eba743d81a86b3","5c5b511ffbc139a8e1b8c67ba6eea77d2a8b288b6a00996989eda9bea4eeea50"
"code/legacy/BCT_reciprocal_transport_20260911/run_reciprocal.R","5708","e5bccc0a14155121b25b0448de85452e","67ce280946b6de5c9e3bbcd06817e11a898625f8d4751a994ea0a3db8e86451e"
"code/legacy/HGS_adjusted_race_age_profile_20260911/run_update.R","10841","0754b695a14f79b2e03f6c7794d6915e","cfc12f1117f7c11c93e57dc80a0c65864dad2248416c7dab3c406c0f8ab7c8d1"
"code/legacy/HGS_age_race_transport_20260911/run_age_race.R","9282","a23f5699fbb18d83d55b4a39f7486bd3","d6079d903d4bfc26dc6694aa9c2a5d3aa1c62b5ad90a94478ed1224b155a81be"
"code/legacy/HGS_definition_sensitivity_20260915/hgs_summary_sensitivity.R","5778","d26ba93fb96c268cb3a9106d5d8314f6","306f465882b14b900520047e71493687c4604520f44706f882040b082d0c2a56"
"code/legacy/HGS_family_CV_transport_20260911/run_IPW.R","6089","a22f54c1356a2b06b3ba01e1be61dfa6","77b27e89dd2bd44793ba6b5b56637adc58b3410061f0684592cb77ee84da747b"
"code/legacy/HGS_family_CV_transport_20260911/run_Korea_CV.R","6583","a33bfb7e4ec5d9875986a0b082044b7b","9971854950be92431d4ba9d1d721654af593080000a7a66657f7ea8a73cd8d33"
"code/legacy/HGS_family_CV_transport_20260911/run_US_transport.R","5851","b189f90caa00de7bf16ca12948ea7b83","13db919024f9bf1cc6991a2dca381d197e67458aebc0aedbd74c174f07b6ac5c"
"code/legacy/HGS_performance_profile_20260911/build_profile.R","7042","418545ca947d8c9b5cdd336bdc33c973","2effa49c92e5b36ad956ff87493348ebb4df6b8d45594f16271421bb7ddb156b"
"code/legacy/HGS_pilot_20260908/run_pilot.R","7431","de3333fe6677593f96ebdce972e49bfc","1cf5b137920604aae2efae477383652687fc149dd77b27f92e9ecdcb08c9c9f4"
"code/legacy/HGS_transportability_20260910/report_verify.R","10061","52b59cb185bfa4d4f6d26873603f5480","1288b1ff70b71c4823941cf1032a3473a811bb4ff01dfdaa166f230e53e3c324"
"code/legacy/HGS_transportability_20260910/run_diagnostics.R","7549","768493e77d3da3bd8870b2d9de1401c3","dc64e7260384cf758ca9805b199b24b3af626ed262eef17042760a36f1ff2d8a"
"code/legacy/HGS_transportability_20260910/verify_results.R","1639","ea16283c6fef0c198c6bee32740982ec","2d20508ff02064a98a7cae95f5d9c5a8b4d2c6dfc859f3741f7e3b86d4df4f49"
"code/legacy/KNHANES_HGS_phase15_20260910/fit_phase15.R","2783","facdd0ad762eab4ad5c8bc7fcc746445","5f2e2299e6c98c55fcfc4a56755fbeb9da49759c577006f66bd0cb9cd3c9506d"
"code/legacy/KNHANES_HGS_phase15_20260910/validate_phase15.R","8729","76dfc61702b7c064eb4ebf697a073bc3","9c9ac2479f2ec2d995abee35c27033221b3cc8d4a754aeb187db6f1e78dba146"
"code/legacy/KNHANES_HGS_phase15_20260910/verify_phase15.R","3581","9b18151f3c31956703d7c9b1819354f6","96b907a762ddf3279a760ad9e1d0c2989561b15c041cf82bb110d4e7d1e976f6"
"code/legacy/KNHANES_HGS_phase2_20260910/core.R","6492","43b6c3669cacbc0b1994766f7557eef6","7b9d26f519ba25867b2ebc2aecf90b75782d9961b20eb06a8c91156e8f047f9b"
"code/legacy/KNHANES_HGS_phase2_20260910/diagnostics.R","2039","5cabdc4a9029136ba630f42b81390ca7","91ab31eec72958342f8d652a37800c7eac8e9855759d15d1a78de52458e4adc9"
"code/legacy/KNHANES_HGS_phase2_20260910/report_and_verify.R","10434","34075cf1c0a9c14a5b1591b50c12774c","6001d1da95ddf32e3921da5625f0f0342059df2de63493672fc4c3b07fa47148"
"code/legacy/KNHANES_HGS_phase2_20260910/select_development.R","7946","af2cc3c5415661eb2e957653ee662559","328ce30f2545b913739244fdc0f6f26ebdf70a985fa22f498eb10ae5ff61469a"
"code/legacy/KNHANES_HGS_phase2_20260910/validate_locked.R","5775","aab8de550c98987df3bee7f5b2a01af7","a9151478d07e024616b192ea7adf983a2f150c916797f3b304cfe51fb28c9dbd"
"code/legacy/KNHANES_HGS_pilot_20260909/inspect.R","1019","76bb9e3b0d85e32c84129b9353672d29","2729bb543ee06848b169be09cf4232385db262786a0d16f7846437fd3bf8fa61"
"code/legacy/KNHANES_HGS_pilot_20260909/run_korea.R","13900","8891bb6771ca667e417e687f9a64ef30","27ff158ab97dbf634c1b1f2ef3cc686ef4c7d0b8c6dc9360bbb4e92235624849"
"code/legacy/KNHANES_HGS_pilot_20260909/verify.R","4014","65733741daefe790e9091a0da485cb42","72dff036036b4ef5d8942df824048f05af7fa010babd662b270a834a5005e279"
"code/legacy/KNHANES_HGS_sigma_comparison_20260910/fit_height_sigma.R","3014","3b6d0a664d21ecb795f50efcd488e966","4193053ad225a251b0889b2489703e794ed1f3f6ec72898fbfc48acb70c3ccbe"
"code/legacy/KNHANES_HGS_sigma_comparison_20260910/validate_sigma.R","8972","bdfa9faee1a961ebbcaed3a1ecc06891","1108aff7cc29553b8709d4abb62985b5c24b3b74896c9cea7e218e97587dbede"
"code/legacy/KNHANES_HGS_sigma_comparison_20260910/verify_sigma.R","3782","b32e49768b09fac8a310302b4088cf20","a20a6daeadc245c7d62d5df0070f8840a360c35b3153053af39e8d8f07da8096"
"code/legacy/KNHANES_pooled_BCT_20260910/run_pooled_BCT.R","6815","666d622d2ffaed6ca3b6ac3f8c2768a8","acae4ba136be29772b693802e83fc46a825f6ea31de6a61eb6dfe2c1fedf320a"
"code/legacy/US_BCT_recalibration_ladder_20260910/run_ladder.R","5221","6cff8451c3783945563214b57fe109f9","2a9bfa9f513107740d98047931ec646ad8547fe20f1a87a8044637d016a20a1f"
"code/legacy/US_simple_methods_ladder_20260910/run_comparison.R","5051","51454eb0395035b1b5b365b476e0bfd3","f63e051039bf7d069227ee06b75a4d10ede09927a79e73319dc78ac0ae4164fe"
"code/legacy/pooled_BCT_US_transport_20260910/run_transport.R","4774","da83ee100e012d3ab82162933d6bd1d7","bc76a9ce01eb9f8ddfe83ef68cb158d1ed125f1d7ceed32d25cd73c2e743d27f"
"code/sensitivity/hgs_summary_sensitivity.R","5778","d26ba93fb96c268cb3a9106d5d8314f6","306f465882b14b900520047e71493687c4604520f44706f882040b082d0c2a56"
"docs/ANALYSIS_MAP.md","3321","b6e9ca809e3c18b41a1f5c5583512c5c","6041c5f244d74b8eef331d32f0a4ef68b08d3a4bcb3d714f96989afff396f4ef"
"docs/methods_verified.md","5355","fbc7534ed35a16b9d7cbdef40b608fbd","6173a168c0bbc4813b7b2d9025d83d985a0150cf67475bd8ab441da23a2697c6"
"example_results/BCT_reciprocal_transport_20260911/reciprocal_age_groups.csv","1332","09d1122543834287305de97b2a7988d8","4596238b96ea2518108ff40ef7239f2ed8dbdd295299c55e0922284f44f3607a"
"example_results/BCT_reciprocal_transport_20260911/reciprocal_height_quintiles.csv","3140","f88e0d7d0f334f10144f805fc8f01b7b","2937bff68337ecfe842f06149fd59194e60b1754243728d4960e77ca5b66c1f0"
"example_results/BCT_reciprocal_transport_20260911/reciprocal_nine_metric_profile.csv","920","71e5b57eebf57dcd3ac6d87d77857339","7e1689026320efa8d1be61654ac080a71e4549290d8613e8b1e51922f31a4b0b"
"example_results/BCT_reciprocal_transport_20260911/reciprocal_overall.csv","919","4e23d1cb3f73598529010d6f7b813530","794dd6b051a8d29c9816115960f74f2b4bc313bfee3ef161580576b1b0f42625"
"example_results/BCT_reciprocal_transport_20260911/reciprocal_support.csv","449","ff68bcba6ae1977b30c4f038018c0002","a1077bf55d4186adce7b3a3a904da375877694e4be5fedf1c6fdd7ffb1e5bf30"
"example_results/HGS_adjusted_race_age_profile_20260911/performance_profile_with_age.csv","5770","313e507f3b1392014155f65823346c5a","f3ccab5a42410fc232e36232cf14ce638f83386aeb20d15969cee1baf39f31eb"
"example_results/HGS_adjusted_race_age_profile_20260911/race_age_height_adjusted_means.csv","10650","16d48d44385350d606085ba5979aea05","4ae10eca4e0bc631447f6ad627eaa986fb6f658ffd8c1c674466ea5dbfb7e52d"
"example_results/HGS_age_race_transport_20260911/US_race_ethnicity_transport.csv","15831","602103dc116f234394e2979356a70f8b","6b3aeeda7dd6f3b22c187c060c92efff65cd2dad7725c17122dcf3e9e3a83fe4"
"example_results/HGS_age_race_transport_20260911/age_transport_groups.csv","9450","485fba27773c3f6b602ebb75476e396e","9a9c554968a06a9198dbd6c6813863dcc5c0407bc8a500b4ef0b7aac184b9dbe"
"example_results/HGS_age_race_transport_20260911/age_transport_overall.csv","4217","8fe88157119bddf22d80e1293cdae692","7e3ca8fc47272570a9d258c22a92c605c5466525828c02f63feec20da0b06597"
"example_results/HGS_definition_sensitivity_20260915/sensitivity_adaptation_parameters.csv","126","4c36b5542a27f35459acd3c4d05c331e","c58d2e6dd82a968014caa2de341b42add2cdb70fbc734dc0a2c2afbad31df055"
"example_results/HGS_definition_sensitivity_20260915/sensitivity_fit_diagnostics.csv","333","1d1653d2453b279a3bfb1ae9f9b595ec","48433c24c74467d835ba1546a52b4cd97bb20d8e5b5d405263623d704f828126"
"example_results/HGS_definition_sensitivity_20260915/sensitivity_hgs_definition.csv","1076","06983b6977e2e49b184e16a7bb16e8d5","983cb009aca2e9269c82db3058c8f0693288eb9d60e546c37a06d2ac5b88a726"
"example_results/HGS_definition_sensitivity_20260915/sensitivity_model_integrity.csv","233","22b9bbfeed0c2ac8ac0bf426b996165e","9bf58c306b74d6d4f6e63308c37beda23a43859dd2985838cd183ed973f6e132"
"example_results/HGS_definition_sensitivity_20260915/sensitivity_sample_flow.csv","280","07d053c559b34f85c15d64a2c099ba91","c0279775f6ac1ca702006bbf9525bcb180b706fb5028eeafa2435c958ef67bfa"
"example_results/HGS_definition_sensitivity_20260915/sensitivity_vs_primary.csv","1985","93130e296a0bc5f76a180257840e3e95","fa04eb82e0385fab0a10fe41e23fa60afcec80dccbaedf876efb7e5c54563e22"
"example_results/HGS_family_CV_transport_20260911/CV_convergence.csv","3111","8800dee0c01a2cbd434e24f4718bb866","d3b72ae50a54bf224b8651f6fbc29a2bfdcf34253ee3265cd0b570a65ccd46b0"
"example_results/HGS_family_CV_transport_20260911/HGS_response_coefficients.csv","889","ce3ff7bf88d3ecbb178b25f16270ff60","b2ffcd795e33ed37ffe0fec97006f48ea218f29ceb70097f168ce10c6ceb5a15"
"example_results/HGS_family_CV_transport_20260911/IPW_overlap_weight_diagnostics.csv","2192","497e9326c78167b1cdff7373b22c8f1f","b411c7231c7244b3649aecb6e29d78e9eb7b1d93071c85e0a3dee902ecd16b1f"
"example_results/HGS_family_CV_transport_20260911/IPW_sample_flow.csv","551","aa761299c08b5eac5cb4d615e9d4dd9f","14c5826241021c3762149fe0f34c8c216ba5b476bda9979b10385bf1ed487611"
"example_results/HGS_family_CV_transport_20260911/IPW_year_change_summary.csv","626","9bca49c5878586fda77a285b532de49b","120b81c50cc35be5622651482556280aa77a96a95e5c6b601fc27e2be984aef2"
"example_results/HGS_family_CV_transport_20260911/IPW_yearly_curves.csv","4238","a603969b7a3c3b0929375441ff8f6fb2","996243ebf51a73fab738cdbdda40d767de41e4433a131790d4508c3728ddaae5"
"example_results/HGS_family_CV_transport_20260911/Korea_OOF_nine_metrics.csv","1312","fa185ed7054ac39fa7d8e277d0359a6a","6d76f6a78a22e355f46c02dc965a53a8a9c83d43610e4f5ade64b050b16e1844"
"example_results/HGS_family_CV_transport_20260911/Korea_OOF_repeat_metrics.csv","2456","8f366b30aaf36ddc71e879a2e6fe6b87","8aba2c801fed4d8c3e82351f82dd96c294bf0d45afb11375d36c72ab161b766a"
"example_results/HGS_family_CV_transport_20260911/US_heldout_nine_metrics.csv","1280","89d1c81236e87ea9e236a6f59afe4124","609e4914c2cd7e19dc60d6632e92667f9685e42fa7d2c2e38a8a80a6ac1cdafc"
"example_results/HGS_family_CV_transport_20260911/US_heldout_raw_diagnostics.csv","2416","24423ad4b504c3e0995c163c0276ac61","a42d4604d9624d7a57643b85ed07d2ca068f15fcda4934c8f17ff1c96304f77b"
"example_results/HGS_family_CV_transport_20260911/family_performance_profile.csv","2527","c44306d00a45cf56d6af4475d9bdd51c","236a1c18a72d853191e192f884cbb7144390f7bcd3a7caaf5afe0e57cea8a3d9"
"example_results/HGS_family_CV_transport_20260911/source_fit_diagnostics.csv","765","23886f238ad90302d8d87f61a74034d7","d57f9b3d12391f771d794061851724366c9007bb93c73a0703d5c813c113ef7f"
"example_results/KNHANES_HGS_phase2_20260910/cv_repeat_metrics.csv","22401","3427d8eed56d3b0082e6e289f38a504d","527e34fba69a3f8b65ed59465a1d7ecb81360f3eda57fec4f1e0ddd32985e251"
"example_results/KNHANES_HGS_phase2_20260910/summary_validation.csv","11924","a226307fd0675e2431f8130c3ac52499","66184203d1caf65dac890eca84e8c5bf6001198020acc4e2c2b38b9da3aa3d21"
"example_results/KNHANES_pooled_BCT_20260910/pooled_BCT_by_year.csv","1118","408fc3f30482fac7a530abacdc66cbae","b4eb14c88336e74aa5a88285cccc13bab6cf147455c06cc6b69f8b2dbc1e4548"
"example_results/KNHANES_pooled_BCT_20260910/pooled_BCT_height_quintiles.csv","1299","747f20c96b5e7a4e409616d12bba4bc8","bed6b6cf4ded9f7fa0e4179335184df5c4c69a9d101f7b30a8593ce775f1133f"
"example_results/KNHANES_pooled_BCT_20260910/pooled_BCT_overall.csv","1107","0129441faf3677f65646444ce0fb737c","2a668bd4c1bf87f15d1facf2a354df249aa986767e421da8521562a0a30ea611"
"example_results/US_BCT_recalibration_ladder_20260910/US_ladder_heldout_height_quintiles.csv","4164","ed5f9058e2e66c9196ca238c9397b561","3ed3baf3211f46c1dd127473f575e2534c592b918cea0d0c06f37f850d173c03"
"example_results/US_BCT_recalibration_ladder_20260910/US_ladder_heldout_overall.csv","1945","c8bb1c3537d76651693b12351909d38f","daefbf9d54820d6a0a9ec6933fcfcf5b54a383e2d51a605432d610b228f49ba4"
"example_results/US_simple_methods_ladder_20260910/heldout_normalization_ladder_comparison.csv","5860","50df713f3073c04e98b03a9c441c6986","47a8a453d2c2a200f87feb32f43977ee11d2a11441a74cb9f6c2e006f84215dd"
"example_results/existing_CI/HGS_adjusted_race_age_profile_20260911/race_age_height_adjusted_means.csv","10650","16d48d44385350d606085ba5979aea05","4ae10eca4e0bc631447f6ad627eaa986fb6f658ffd8c1c674466ea5dbfb7e52d"
"example_results/existing_CI/HGS_age_race_transport_20260911/US_race_ethnicity_transport.csv","15831","602103dc116f234394e2979356a70f8b","6b3aeeda7dd6f3b22c187c060c92efff65cd2dad7725c17122dcf3e9e3a83fe4"
"example_results/existing_CI/HGS_age_race_transport_20260911/age_height_interaction_diagnostics.csv","7456","6eda9fa93acc805072e8f4b053491d52","8a1e5518faffa38f13f13a456223ca4ecc87383da764e11f9d0eb1a5e4058a6a"
"example_results/existing_CI/HGS_age_race_transport_20260911/age_transport_groups.csv","9450","485fba27773c3f6b602ebb75476e396e","9a9c554968a06a9198dbd6c6813863dcc5c0407bc8a500b4ef0b7aac184b9dbe"
"example_results/existing_CI/HGS_age_race_transport_20260911/age_transport_overall.csv","4217","8fe88157119bddf22d80e1293cdae692","7e3ca8fc47272570a9d258c22a92c605c5466525828c02f63feec20da0b06597"
"example_results/existing_CI/HGS_family_CV_transport_20260911/HGS_response_coefficients.csv","889","ce3ff7bf88d3ecbb178b25f16270ff60","b2ffcd795e33ed37ffe0fec97006f48ea218f29ceb70097f168ce10c6ceb5a15"
"example_results/existing_CI/HGS_transportability_20260910/nhanes_frozen_summary.csv","3283","56a664f879dd5ae3a051fd729c9a6ea8","c02bb9d5190dfd0964c7bfbe1abd667084dcda5ebfb8260492521890033c79d4"
"example_results/existing_CI/KNHANES_HGS_phase15_20260910/summary_validation.csv","7336","bc1af349ef2ae58196d4a4d33b700b5b","a779ac873a23c07cb8ccec139e91bd496268de17acf72e2d4c1fb5cf406f7098"
"example_results/existing_CI/KNHANES_HGS_phase2_20260910/age_adjusted_allometry_exponents.csv","192","de34ea9927f570b6c37a4206e010c1e5","d7a843da2b4ab31e8d5d55e8ec7cae81bb827a1deca52d20aa0e8fda28baaf28"
"example_results/existing_CI/KNHANES_HGS_phase2_20260910/summary_validation.csv","11924","a226307fd0675e2431f8130c3ac52499","66184203d1caf65dac890eca84e8c5bf6001198020acc4e2c2b38b9da3aa3d21"
"example_results/existing_CI/KNHANES_HGS_pilot_20260909/allometry_exponents.csv","226","baa370ccbbc62255ca2426f6e194ec53","d7e526d31fa563c32aadcbc2212c1cc5a621289c8dfefd97caa5961a88de7f2a"
"example_results/existing_CI/KNHANES_HGS_pilot_20260909/spline_curve_data.csv","129520","9a70d5ba2e70281542b9979587dd371c","08fed1176fb28c404e651038341b747be2afacc90619c04f9e2df6b057ed31d7"
"example_results/existing_CI/KNHANES_HGS_pilot_20260909/summary_validation.csv","5974","30f6044fb28ae5f4e6c6eafdd51abe24","fdea28f84281c5b157fd0b5e9e5f5850e3104a1c6886dd45a0e45ed634fff421"
"example_results/existing_CI/KNHANES_HGS_sigma_comparison_20260910/summary_validation.csv","8493","ae3a6ac4edb36d3cceb95c19a50fa488","1f88547e87d083244ff9715edd18ecaad56ee52ea4a11ebfb057a54c5d1a2a9b"
"example_results/existing_CI/KNHANES_HGS_sigma_comparison_20260910/three_sigma_models.csv","3973","a5e462fad86d612b7a62f5b78a37892d","e527e833dea7a0e2b4329bcfee8407840c2ca7bd5d6e4821ac43c06097eca679"
"example_results/existing_CI/KNHANES_pooled_BCT_20260910/model_coefficients.csv","1500","5107fa3b2106a8da74228a0abffc1d32","2703eaea039979999d07a270d2ebe0445c78b5fc24044d6feeb6e9d8bc78bc2c"
"example_results/existing_CI/KNHANES_pooled_BCT_20260910/model_diagnostics.csv","547","b94e6c8b67942a7bf93a0354dbe47650","e77a993528863fc327abad900380186f908837504d988cdae795a195bc1cd39a"
"example_results/existing_CI/KNHANES_pooled_BCT_20260910/pooled_BCT_overall.csv","1107","0129441faf3677f65646444ce0fb737c","2a668bd4c1bf87f15d1facf2a354df249aa986767e421da8521562a0a30ea611"
"example_results/existing_CI/US_BCT_recalibration_ladder_20260910/US_ladder_heldout_overall.csv","1945","c8bb1c3537d76651693b12351909d38f","daefbf9d54820d6a0a9ec6933fcfcf5b54a383e2d51a605432d610b228f49ba4"
"example_results/existing_CI/US_simple_methods_ladder_20260910/heldout_normalization_ladder_comparison.csv","5860","50df713f3073c04e98b03a9c441c6986","47a8a453d2c2a200f87feb32f43977ee11d2a11441a74cb9f6c2e006f84215dd"
"example_results/existing_CI/pooled_BCT_US_transport_20260910/US_transport_overall.csv","1790","c0fe5f0d60ac0d17cb43def8e89366a7","7b2bef2fec447af1d39f38ef689199fd349f1b6d268f098bd62da32aa2c90ff1"
"example_results/sensitivity_hgs_definition.csv","1076","06983b6977e2e49b184e16a7bb16e8d5","983cb009aca2e9269c82db3058c8f0693288eb9d60e546c37a06d2ac5b88a726"
"models/final_US_BCT_models.rds","1300","6588ef5563d569eb9645c72cd35956f7","4f65a2910efbce9026a082785e811d3acce80d5976c6ac012566ab47698344eb"
"models/frozen_bilateral_BCT_models.rds","1838","0e2daa2cb542a19465e4b496bf4dcbab","1cb3b9f2ecbcecafaeecb6f4c481de150fe12775598502696b66e07e7356c790"
"models/frozen_bilateral_adaptation.rds","195","61c7f542c54fce9ea0064193d39abf4b","e3bf3469e39b3f56d09e75cce57d44c23257e42679f182570cbf51a5a5b1f7d4"
"models/frozen_pooled_Korean_simple_models.rds","613","cc9d0397413ea26592e2c295d869faea","87e8696224eea6f924d6a5a3048652a6cacaa30c5571446d8888a6969caaecd2"
"models/frozen_pooled_family_models.rds","2213","4b4299e9c06612fc346c54db3219eb6e","0ab05573b3682f6b3ac956f3cbe8b356f8fbfe102a34cfff7dcd438c1b81ecb4"
"models/pooled_BCT_models.rds","1295","bc9e9e868505758e5ae832fb897b291e","29e334711b459a525a543e43406cef5387cda7fd7e048ff00b158ccdc2a11bc9"
"reproducibility/BCT_reciprocal_transport_20260911__analysis_lock.txt","407","3832b2aa9f1a6a9405be7479672f2cbe","f1ff47930da90390f5628004dfab9789e9f459dc051b260d37fd5f9101529a69"
"reproducibility/Build-ReviewArchive.ps1","4268","fed845746a32baa44b83e5ec63ca6264","8ff5a0551d541ee19b7c84b03a5770eaf8a1d706f8e62e71cbdefb32fa0c69b8"
"reproducibility/HGS_adjusted_race_age_profile_20260911__integrity_checks.csv","344","d9d18f59238bf4708db1f387d9434f70","1dead22c860ed3455802e961292bfab923fc5eb1a99a26760f9e55d0995782b8"
"reproducibility/HGS_age_race_transport_20260911__score_integrity_checks.csv","1095","66ffe0091b9379239deb53186d26aeb5","8d4033578bc028f58c4e7b11a71adeb40852a3ff5a15dade72783337fd6dd4f7"
"reproducibility/HGS_definition_sensitivity_20260915__analysis_lock.txt","465","e10aa5973922eab621e36586f2f4eed5","35cb16b67427d412f0603cfd196d3f6e1a0f38102d4a2fa95a12f0d3f728bcea"
"reproducibility/HGS_definition_sensitivity_20260915__sessionInfo.txt","1285","4ecf92fcd488d1c181c81173196b15d5","fc2d0707acbed26feca6ad79963b3f7fc40a9c6500beafd34eba269b33e9807b"
"reproducibility/HGS_family_CV_transport_20260911__IPW_integrity_checks.csv","325","10302874d60ab1191ec7b086e7c49406","1edb53f58c29937387b482abe08f626f15c0fb6ad4841bf02e472ef9a8019057"
"reproducibility/HGS_family_CV_transport_20260911__analysis_lock.txt","2134","5003508f9cb064ed5c92ba9e1a6a5ec8","4890fe9833a1d6186e96b16377269055ae4d029ce490591809a53fea0bc1024c"
"reproducibility/HGS_family_CV_transport_20260911__comparison_integrity_checks.csv","442","ef0a4503062f684dc801374a34fc17bd","3d25fb59632b42b4ace35d4d9f362b745078beb9b74e6124ab30f4aaa3e0226a"
"reproducibility/HGS_family_CV_transport_20260911__freeze_manifest.csv","144","6735da563498926913843d872b72c702","172485d579e9a9d25f82e76e6296f5a650fa5ad0545feef03f152f4148357a9b"
"reproducibility/HGS_pilot_20260908__sessionInfo.txt","1344","639bab1aa0b4b77c5bf3846c2b4500f5","00a2f3f899f7b548db2f416e852e72793a09c2ab05932680406d0bcf41c145c0"
"reproducibility/HGS_transportability_20260910__integrity_checks.csv","419","302fa545ba94ee593ad9bcbbcdf54cb8","7e7eb52675342597b26854034d952a2389b36891bcbc38495452ba6800424df1"
"reproducibility/HGS_transportability_20260910__nhanes_freeze_manifest.csv","130","5551c75a987ad49c12f89edaa71eb2c8","8e93038fda798913a627e83e160777cd5fc534028d945e9a0e4e97c95966fca9"
"reproducibility/HGS_transportability_20260910__sessionInfo.txt","1367","ef8e0b75b1ae72e5c66a6daea94f768f","28ec59a10da36d0438c47fd67ebd3acde8a01a59dba2b04ec47301c0219ea4a6"
"reproducibility/KNHANES_HGS_phase15_20260910__fit_sessionInfo.txt","565","2e074062c17509e32223d2ac516e0213","c2fabff09a6eb32c6da1078c1f26b5da9a7bc7591b6ac95dddd8861880395e1e"
"reproducibility/KNHANES_HGS_phase15_20260910__phase15_lock.md","1375","126683f4ec2fb4e14959f1183d725564","a61cc78c5ae7e162017717e49c92200522c1735db9947452722013ce62e9f4e1"
"reproducibility/KNHANES_HGS_phase15_20260910__validation_sessionInfo.txt","1247","ccaa060d09d45281d518ea0f3256b9a1","5c3a17e0b17c1e4a1d4cd3039034ff7157cb0c9ee450cdafcc1f9f2860b6f55e"
"reproducibility/KNHANES_HGS_phase2_20260910__development_integrity_checks.csv","1351","afa93a028643b23cd3340b5a6a70b1a8","ac654bdf67722395e0256182413fb10e2443287ab9078ca7b6aa90551debe90e"
"reproducibility/KNHANES_HGS_phase2_20260910__final_integrity_checks.csv","434","7f2ba4f6e6223d91cf49de5680cfdb4c","e5e077253c6d99499944c3f2b89e40675abcdb5499558341b96a64d8648b9a35"
"reproducibility/KNHANES_HGS_phase2_20260910__locked_selection.csv","308","870563feaca2d7825ba9d78d38fe453c","bd896fef8fc181c3c05ea7ccb7fecc8d85c0d74e5eea26cb38dc65b18a2c5354"
"reproducibility/KNHANES_HGS_phase2_20260910__model_lock_manifest.csv","169","a9030e4bb7d979ab49d819bf62b45282","29c69d40a8626de9c334f3b148ebf243af099ed9b4d23bacc412a7879207d5b5"
"reproducibility/KNHANES_HGS_phase2_20260910__phase2_lock.md","4298","d46e1be95dc7739743abe8260a5d6ba8","802e55b963a82141e8316c90fe40959eeb824f6f6dab8c62ccc252c5f30936b8"
"reproducibility/KNHANES_HGS_phase2_20260910__selection_sessionInfo.txt","1285","4ecf92fcd488d1c181c81173196b15d5","fc2d0707acbed26feca6ad79963b3f7fc40a9c6500beafd34eba269b33e9807b"
"reproducibility/KNHANES_HGS_pilot_20260909__analysis_lock.md","2588","88579211a7a61daa76b58f3893b1570f","3eb33cbadc461d658fd97d9b7451015b337319f53b259e805b2254ed4cd6127b"
"reproducibility/KNHANES_HGS_pilot_20260909__sessionInfo.txt","1344","639bab1aa0b4b77c5bf3846c2b4500f5","00a2f3f899f7b548db2f416e852e72793a09c2ab05932680406d0bcf41c145c0"
"reproducibility/KNHANES_HGS_sigma_comparison_20260910__analysis_lock.md","1199","71acd7164cc4b89c81b6fedc76ade618","d2721d37f4a9d58e8161a9568673f478a6382d35c7c297c2dfb4a1964edd740c"
"reproducibility/KNHANES_HGS_sigma_comparison_20260910__fit_sessionInfo.txt","565","2e074062c17509e32223d2ac516e0213","c2fabff09a6eb32c6da1078c1f26b5da9a7bc7591b6ac95dddd8861880395e1e"
"reproducibility/KNHANES_HGS_sigma_comparison_20260910__validation_sessionInfo.txt","1247","ccaa060d09d45281d518ea0f3256b9a1","5c3a17e0b17c1e4a1d4cd3039034ff7157cb0c9ee450cdafcc1f9f2860b6f55e"
"reproducibility/KNHANES_pooled_BCT_20260910__integrity_checks.csv","314","5b33fe25874ca25aca0496340ca83d51","66de1465052c6f58923a2961b71ac3a79b7068e54483a625d4cd728bbba433c4"
"reproducibility/KNHANES_pooled_BCT_20260910__sessionInfo.txt","1367","ef8e0b75b1ae72e5c66a6daea94f768f","28ec59a10da36d0438c47fd67ebd3acde8a01a59dba2b04ec47301c0219ea4a6"
"reproducibility/US_BCT_recalibration_ladder_20260910__integrity_checks.csv","336","42220d0fd8cd4662ae88b826db68eb61","69123003d557f1c889c7df956a4921ef7e794c150c2d726f3e7e3fa0dfd0195e"
"reproducibility/US_simple_methods_ladder_20260910__integrity_checks.csv","326","3cc3f98882737c043e90245ba45b0b43","b60388c329b7f6842be9cfd32be4f95228198c6c9157d91821dbb809d42d1820"
"reproducibility/archive_checks.txt","530","b2e798421e61aa51b79ca33a54e34dcb","13df58ea8f3d2e1732cfe102e23455d77bad7ca937996d47385d1d5af256d7fb"
"reproducibility/existing_CI_inventory.csv","7656","fc0db985fcc43bd8823b3923c64cdeec","60408af82388516d307686880db041f6d847513205083906526e1a1cafa21cdc"
"reproducibility/phase2_PSU_fold_assignment.csv","19615","6444cd8760080b48c6a0e61feb45b55b","208433b35244ff66f6b9e5e4fa69e707b139a2a4b636a9efc72a1d848ef59af7"
"reproducibility/pooled_PSU_fold_assignment.csv","39199","223eda95ca385ae58018452a9f74233b","d519d19d1b920d36b96c2704552814f9614e74addeeca64c616094cf91d08513"
"reproducibility/sessionInfo_20260915.txt","1285","4ecf92fcd488d1c181c81173196b15d5","fc2d0707acbed26feca6ad79963b3f7fc40a9c6500beafd34eba269b33e9807b"
"reproducibility/verify_archive.R","1788","eb0a64b3edf016993dd3868dc554715a","be7e1f8b6f54e8bf11ee67b31691199e6c5897f88beb309a2d41bed387c7f019"
