"sex","normalization","calibration","race","N","raw_mean_z","adjusted_mean_z","SE","ci_low","ci_high","adjustment_change","target_N","residual_df"
"Female","BCT","Frozen","Non-Hispanic Asian",282,0.628519657483769,0.571987763585523,0.0642042337736916,0.393728232991582,0.750247294179463,-0.0565318938982459,2527,4
"Female","BCT","Frozen","Non-Hispanic White",1078,0.891316725554924,0.932013906800311,0.0308143880751053,0.84645944985952,1.0175683637411,0.0406971812453871,2527,4
"Female","BCT","Frozen","Non-Hispanic Black",519,1.47883595016425,1.43481632704604,0.0531364526986366,1.28728588304334,1.58234677104875,-0.0440196231182053,2527,4
"Female","BCT","Frozen","Hispanic",572,1.01921940306419,0.907010683706492,0.0478439649435173,0.774174541425809,1.03984682598718,-0.112208719357699,2527,4
"Female","BCT","Frozen","Other / multiracial",76,1.11471272583423,1.00993834605373,0.145228954235063,0.606718126934798,1.41315856517267,-0.104774379780499,2527,4
"Female","BCT","Location_scale","Non-Hispanic Asian",282,-0.30890889120188,-0.363205032500862,0.0616650515060338,-0.534414662916559,-0.191995402085164,-0.0542961412989816,2527,4
"Female","BCT","Location_scale","Non-Hispanic White",1078,-0.0565050575954599,-0.0174173895377291,0.0295957247068165,-0.0995882945347512,0.064753515459293,0.0390876680577308,2527,4
"Female","BCT","Location_scale","Non-Hispanic Black",519,0.50777865263495,0.465499940355187,0.0510349847653192,0.323804106709672,0.607195774000701,-0.0422787122797632,2527,4
"Female","BCT","Location_scale","Hispanic",572,0.0663392586247032,-0.041431772223642,0.0459518070551884,-0.169014441997013,0.0861508975497293,-0.107771030848345,2527,4
"Female","BCT","Location_scale","Other / multiracial",76,0.158055962041073,0.057425253660515,0.139485364386395,-0.329848203536821,0.444698710857852,-0.100630708380558,2527,4
"Female","Height2","Frozen","Non-Hispanic Asian",282,0.672805180447805,0.503562833957368,0.0656426200324757,0.321309702875842,0.685815965038893,-0.169242346490437,2527,4
"Female","Height2","Frozen","Non-Hispanic White",1078,0.793205578772323,0.860650749018483,0.0304799031263531,0.776024971176417,0.945276526860549,0.0674451702461598,2527,4
"Female","Height2","Frozen","Non-Hispanic Black",519,1.41354473142765,1.38488473616231,0.0546612738774387,1.23312070986142,1.5366487624632,-0.0286599952653408,2527,4
"Female","Height2","Frozen","Hispanic",572,1.05165124937667,0.843736908608719,0.0477406598361488,0.711187587287731,0.976286229929708,-0.207914340767952,2527,4
"Female","Height2","Frozen","Other / multiracial",76,1.08249191396475,0.985272051767756,0.162407479073305,0.534356601447165,1.43618750208835,-0.0972198621969993,2527,4
"Female","Height2","Location_scale","Non-Hispanic Asian",282,-0.188035180928877,-0.347768967689997,0.0619546141266764,-0.519782552826426,-0.175755382553568,-0.159733786761119,2527,4
"Female","Height2","Location_scale","Non-Hispanic White",1078,-0.0743992502606124,-0.010743358779724,0.0287674476716116,-0.0906145980566036,0.0691278804971555,0.0636558914808884,2527,4
"Female","Height2","Location_scale","Non-Hispanic Black",519,0.511087325555775,0.484037537679264,0.0515902340441913,0.340800084891261,0.627274990467268,-0.0270497878765107,2527,4
"Female","Height2","Location_scale","Hispanic",572,0.169526141307867,-0.0267069271971427,0.0450584415557789,-0.151809216702526,0.0983953623082406,-0.196233068505009,2527,4
"Female","Height2","Location_scale","Other / multiracial",76,0.198634081743816,0.106876332816608,0.153282923385674,-0.318705289527955,0.53245795516117,-0.0917577489272089,2527,4
"Female","Allometry_ageadj","Frozen","Non-Hispanic Asian",282,0.636517289475676,0.574988003495049,0.0655521819640723,0.392985968745866,0.756990038244233,-0.0615292859806265,2527,4
"Female","Allometry_ageadj","Frozen","Non-Hispanic White",1078,0.893254621002316,0.935171678290502,0.0316338381602235,0.84734206317193,1.02300129340907,0.0419170572881856,2527,4
"Female","Allometry_ageadj","Frozen","Non-Hispanic Black",519,1.51424902874184,1.46996437593986,0.0561019087874045,1.31420050589482,1.62572824598491,-0.0442846528019776,2527,4
"Female","Allometry_ageadj","Frozen","Hispanic",572,1.0336313035176,0.917548089536859,0.0481514697105735,0.783858177150858,1.05123800192286,-0.116083213980739,2527,4
"Female","Allometry_ageadj","Frozen","Other / multiracial",76,1.16491680397049,1.06214711796171,0.167103396481016,0.598193710740065,1.52610052518335,-0.102769686008787,2527,4
"Female","Allometry_ageadj","Location_scale","Non-Hispanic Asian",282,-0.300285167107565,-0.35783100700437,0.0613082909718561,-0.528050111381222,-0.187611902627518,-0.0575458398968056,2527,4
"Female","Allometry_ageadj","Location_scale","Non-Hispanic White",1078,-0.0601691777847401,-0.0209658581100966,0.0295858428564062,-0.103109326691917,0.0611776104717236,0.0392033196746435,2527,4
"Female","Allometry_ageadj","Location_scale","Non-Hispanic Black",519,0.520621647186675,0.479204011675178,0.0524698346410474,0.333524396115504,0.624883627234851,-0.0414176355114978,2527,4
"Female","Allometry_ageadj","Location_scale","Hispanic",572,0.0711194267963799,-0.0374484842394412,0.0450341121727471,-0.162483224548393,0.087586256069511,-0.108567911035821,2527,4
"Female","Allometry_ageadj","Location_scale","Other / multiracial",76,0.193905418368151,0.0977891088246139,0.156285013662221,-0.336127652373629,0.531705870022857,-0.0961163095435366,2527,4
"Male","BCT","Frozen","Non-Hispanic Asian",269,0.225791616701472,0.273851875675411,0.0787110431572101,0.0553149851765627,0.492388766174259,0.0480602589739386,2371,4
"Male","BCT","Frozen","Non-Hispanic White",984,0.683744674172883,0.691844456904425,0.0645993187496781,0.512487994562769,0.871200919246081,0.00809978273154166,2371,4
"Male","BCT","Frozen","Non-Hispanic Black",512,0.851753118516796,0.825433608799457,0.0631061091181132,0.650222961030394,1.00064425656852,-0.0263195097173382,2371,4
"Male","BCT","Frozen","Hispanic",529,0.532438229636111,0.520266283322377,0.0690073653231695,0.328671121648267,0.711861444996487,-0.0121719463137343,2371,4
"Male","BCT","Frozen","Other / multiracial",77,0.567432046578723,0.472135639969378,0.176108674949609,-0.0168204285773334,0.96109170851609,-0.0952964066093445,2371,4
"Male","BCT","Location_scale","Non-Hispanic Asian",269,-0.318826077714374,-0.275647819260474,0.070715510843606,-0.471985553203765,-0.0793100853171822,0.0431782584539004,2371,4
"Male","BCT","Location_scale","Non-Hispanic White",984,0.0926077326189547,0.0998847327781216,0.058037266974195,-0.0612525530314397,0.261022018587683,0.00727700015916689,2371,4
"Male","BCT","Location_scale","Non-Hispanic Black",512,0.243549741405316,0.219903789069284,0.0566957388015622,0.062491182588114,0.377316395550454,-0.0236459523360324,2371,4
"Male","BCT","Location_scale","Hispanic",529,-0.0433288791977244,-0.0542643892228862,0.0619975405617816,-0.226397157249946,0.117868378804174,-0.0109355100251618,2371,4
"Male","BCT","Location_scale","Other / multiracial",77,-0.0118897628780253,-0.0975058823529004,0.158219411324259,-0.536793392471416,0.341781627765615,-0.0856161194748751,2371,4
"Male","Height2","Frozen","Non-Hispanic Asian",269,0.274113458243153,0.163362515156274,0.0791899199859996,-0.0565039505698594,0.383228980882408,-0.110750943086879,2371,4
"Male","Height2","Frozen","Non-Hispanic White",984,0.533727530828321,0.585378062527193,0.0619180282584644,0.41346605604548,0.757290069008905,0.0516505316988718,2371,4
"Male","Height2","Frozen","Non-Hispanic Black",512,0.731723731849603,0.719978897368119,0.0614426791301453,0.549386671646989,0.89057112308925,-0.0117448344814841,2371,4
"Male","Height2","Frozen","Hispanic",529,0.565343724189945,0.414139147376937,0.0686624502935757,0.223501623348452,0.604776671405423,-0.151204576813008,2371,4
"Male","Height2","Frozen","Other / multiracial",77,0.488980681092808,0.368220989661423,0.172871270139765,-0.111746602147453,0.8481885814703,-0.120759691431385,2371,4
"Male","Height2","Location_scale","Non-Hispanic Asian",269,-0.179828134282612,-0.27820014225659,0.0703386465450735,-0.473491533162897,-0.0829087513502833,-0.098372007973978,2371,4
"Male","Height2","Location_scale","Non-Hispanic White",984,0.0507681650055231,0.096645575838547,0.0549972812854216,-0.0560513565855479,0.249342508262642,0.0458774108330239,2371,4
"Male","Height2","Location_scale","Non-Hispanic Black",512,0.226633790370032,0.216201708086459,0.0545750632262512,0.0646770409260735,0.367726375246844,-0.0104320822835729,2371,4
"Male","Height2","Location_scale","Hispanic",529,0.078850530164588,-0.0554534985088569,0.0609878608662863,-0.224782946287542,0.113875949269828,-0.134304028673445,2371,4
"Male","Height2","Location_scale","Other / multiracial",77,0.0110227927648621,-0.0962392584404684,0.15354897656556,-0.522559562834048,0.330081045953111,-0.10726205120533,2371,4
"Male","Allometry_ageadj","Frozen","Non-Hispanic Asian",269,0.238170786785117,0.253992808324982,0.0809669164135621,0.0291926095655886,0.478793007084375,0.0158220215398654,2371,4
"Male","Allometry_ageadj","Frozen","Non-Hispanic White",984,0.662573513325378,0.680184764492605,0.0629376663253579,0.505441788890993,0.854927740094217,0.0176112511672268,2371,4
"Male","Allometry_ageadj","Frozen","Non-Hispanic Black",512,0.843858633281413,0.819928668865067,0.0632192110041928,0.64440399991801,0.995453337812125,-0.0239299644163458,2371,4
"Male","Allometry_ageadj","Frozen","Hispanic",529,0.548284412648414,0.506916099515343,0.0700073444692667,0.312544550635752,0.701287648394934,-0.0413683131330715,2371,4
"Male","Allometry_ageadj","Frozen","Other / multiracial",77,0.571019611058115,0.463212523904856,0.176115134627426,-0.0257614795827125,0.952186527392425,-0.107807087153259,2371,4
"Male","Allometry_ageadj","Location_scale","Non-Hispanic Asian",269,-0.292235311446457,-0.27835845087595,0.0710128353108387,-0.475521689880945,-0.0811952118709545,0.0138768605705079,2371,4
"Male","Allometry_ageadj","Location_scale","Non-Hispanic White",984,0.0799912998689061,0.0954374219907879,0.0552001030986845,-0.0578226340639684,0.248697478045544,0.0154461221218817,2371,4
"Male","Allometry_ageadj","Location_scale","Non-Hispanic Black",512,0.238989208372523,0.218001196263819,0.0554470346454969,0.0640555483245969,0.371946844203042,-0.020988012108704,2371,4
"Male","Allometry_ageadj","Location_scale","Hispanic",529,-0.020247086915423,-0.0565295753407075,0.0614006342782312,-0.227005065838542,0.113945915157127,-0.0362824884252845,2371,4
"Male","Allometry_ageadj","Location_scale","Other / multiracial",77,-0.000306956156573061,-0.0948602288321921,0.154463521707598,-0.523719717608867,0.333999259944483,-0.094553272675619,2371,4
